﻿Designator,Footprint,Quantity,Value,LCSC Part #
"C101, C102",0603,2,10nF,
C103,0603,1,100nF,
"D101, D102",D_SOD-123,2,1N4148W,
"IC101, IC102, IC103, IC104, IC105, IC106, IC107, IC108, IC109, IC110, IC111, IC112, IC113, IC114, IC115, IC116, IC117, IC118, IC119, IC120, IC121, IC122, IC123, IC124, IC125, IC126, IC127, IC128, IC129, IC130",AP2301SN7,30,BCR420UFD-7,
IC131,SOIC127P600X175-8N,1,LMC555CMX,
"LED101, LED102, LED103, LED104, LED105, LED106, LED107, LED108, LED109, LED110, LED111, LED1111111111111111111111111111111111, LED112, LED113, LED114, LED115, LED116, LED117, LED118, LED119, LED120, LED121, LED122, LED123, LED124, LED125, LED126, LED127, LED128, LED129, LED130, LED131, LED132, LED133, LED134, LED135, LED136, LED137, LED138, LED139, LED140, LED141, LED142, LED143, LED144, LED145, LED146, LED147, LED148, LED149, LED150, LED151, LED153, LED154, LED155, LED156, LED157, LED158, LED159, LED160, LED161, LED162, LED163, LED164, LED165, LED166, LED167, LED168, LED169, LED170, LED171, LED172, LED173, LED174, LED175, LED176, LED177, LED178, LED179, LED180, LED181, LED182, LED183, LED184, LED185, LED186, LED187, LED188, LED189, LED190, LED191, LED192, LED193, LED194, LED195, LED196, LED197, LED198, LED199, LED200, LED201, LED202, LED203, LED204, LED205, LED206, LED207, LED208, LED209, LED210, LED211, LED212, LED213, LED214, LED215, LED216, LED217, LED218, LED219, LED220",LED_KW DELPS2.RA_OSR,120,KW DELPS2.RA-TIVH-FK0PM0-Z555,
R101,0603,1,10k,
"R102, R103",0603,2,4.7k,
TP101,TestPoint_Pad_2.0x2.0mm,1,Poti links,
TP102,TestPoint_Pad_2.0x2.0mm,1,Poti mitte,
TP103,TestPoint_Pad_2.0x2.0mm,1,Poti rechts,
TP104,TestPoint_Pad_2.0x2.0mm,1,+12V,
TP105,TestPoint_Pad_2.0x2.0mm,1,GND,
